{
  "SimpleCNN": {
    "train_loss": [
      0.2345678540599991,
      0.06952428018281073,
      0.050166233403256724,
      0.04055272876988721,
      0.034166063815886494,
      0.02863082656019262,
      0.02339443859719569,
      0.021228439588034435,
      0.01871535490675115,
      0.016985440880716365
    ],
    "test_loss": [
      0.0708666079416871,
      0.059644645621255044,
      0.04361176339397207,
      0.0359949646955356,
      0.03942664764388464,
      0.03118610429529799,
      0.04217329942914657,
      0.031917830994038374,
      0.03484766914895736,
      0.03945370770045556
    ],
    "test_acc": [
      0.9765,
      0.9804,
      0.9852,
      0.9873,
      0.9869,
      0.9894,
      0.9867,
      0.9884,
      0.9883,
      0.988
    ]
  },
  "CNNWithCustomLayers": {
    "train_loss": [
      1.8057548232170055,
      1.1675957886776183,
      0.8858674481225166,
      0.7386594544977013,
      0.6369167442705586,
      0.5547366632517975,
      0.4923697326387932,
      0.44362260115299146,
      0.4081941589649552,
      0.3827890670979455
    ],
    "test_loss": [
      1.3672769678115844,
      0.9878794594764709,
      0.7484949272155762,
      0.6498214053153992,
      0.544943403339386,
      0.49368141927719117,
      0.4284755562543869,
      0.38738939824104307,
      0.3939379871368408,
      0.35844113907814024
    ],
    "test_acc": [
      0.5943,
      0.7222,
      0.7764,
      0.7998,
      0.8437,
      0.8593,
      0.8778,
      0.8884,
      0.8824,
      0.8962
    ]
  }
}