{
  "BasicResNet": {
    "train_loss": [
      1.3350329053066576,
      0.9405814811701665,
      0.773502576076771,
      0.6666440136749726,
      0.5927330686918,
      0.5424735296870131,
      0.4910533968597422,
      0.4527625692317553,
      0.4173968861551236,
      0.3826078714235969,
      0.35624513007185954,
      0.33894805251942267,
      0.3083331235839278,
      0.2879609459882502,
      0.2672349690743115,
      0.2449910459692216,
      0.23044304944136562,
      0.21548166461384205,
      0.2066325456894877,
      0.19284431962177273
    ],
    "train_acc": [
      0.51272,
      0.66368,
      0.72638,
      0.76722,
      0.79192,
      0.81032,
      0.8297,
      0.84198,
      0.85474,
      0.8675,
      0.87544,
      0.88102,
      0.89192,
      0.89812,
      0.90764,
      0.91426,
      0.92088,
      0.92494,
      0.9279,
      0.93212
    ],
    "test_loss": [
      1.3166914777755738,
      1.050961328125,
      0.8076132743835449,
      0.7316472366333008,
      0.699942285823822,
      0.64650505027771,
      0.6594923169612884,
      0.7209655255317688,
      0.617366470336914,
      0.7316113069534301,
      0.6374477767944335,
      0.6572081279754639,
      0.6459037683486939,
      0.6698273780822754,
      0.6630757756710053,
      0.6165378819942474,
      0.6948425970077514,
      0.7186575664043426,
      0.688453848361969,
      0.6964296997070313
    ],
    "test_acc": [
      0.5332,
      0.6319,
      0.7101,
      0.7442,
      0.752,
      0.7758,
      0.7709,
      0.7599,
      0.7881,
      0.7561,
      0.7891,
      0.7807,
      0.7944,
      0.7875,
      0.7948,
      0.806,
      0.7963,
      0.7968,
      0.8019,
      0.7975
    ]
  },
  "BottleneckResNet": {
    "train_loss": [
      1.5955983686934956,
      1.2769634305973492,
      1.138697324201579,
      1.0588343686155042,
      1.0015719162533656,
      0.9588509429141384,
      0.9319910487860364,
      0.9039188472511214,
      0.8791000432980335,
      0.8584865709704816,
      0.8409533174446476,
      0.8178440376620768,
      0.810741994234607,
      0.7950694990127593,
      0.7830429087819346,
      0.7647704596409712,
      0.7612587346140381,
      0.7511588659737726,
      0.7369768178981283,
      0.7315597860404598
    ],
    "train_acc": [
      0.41496,
      0.53646,
      0.58992,
      0.6189,
      0.6387,
      0.6576,
      0.66768,
      0.6764,
      0.68734,
      0.69486,
      0.70054,
      0.7083,
      0.71116,
      0.71628,
      0.72202,
      0.72762,
      0.7292,
      0.7331,
      0.73942,
      0.73844
    ],
    "test_loss": [
      1.4311985189437866,
      1.2308461116790772,
      1.139977349281311,
      1.110134545326233,
      1.0160801963806152,
      1.0160562909126283,
      0.9936796294212341,
      1.0039073111534118,
      0.9637479027748108,
      0.9562450330734253,
      0.9133513830184936,
      0.9005775386810303,
      0.9027271432876587,
      0.873057866859436,
      0.8791125554084778,
      0.8860993783950806,
      0.8536000034332275,
      0.8605322205543519,
      0.8819386839866639,
      0.8518185103416442
    ],
    "test_acc": [
      0.4752,
      0.5545,
      0.5879,
      0.5962,
      0.6306,
      0.6352,
      0.6428,
      0.6377,
      0.6537,
      0.6584,
      0.6751,
      0.6793,
      0.6797,
      0.6907,
      0.6913,
      0.6891,
      0.694,
      0.6988,
      0.6869,
      0.7006
    ]
  },
  "WideResNet": {
    "train_loss": [
      1.311915149774088,
      0.8970492649871065,
      0.7213043299934748,
      0.6088781850722135,
      0.5302815826042838,
      0.46811999780747593,
      0.42352138878896717,
      0.37695898763511493,
      0.3368348408385616,
      0.3036234378814697,
      0.2710759874499972,
      0.2459590115472484,
      0.2190933154176568,
      0.20000986848264704,
      0.1771523144543933,
      0.16761913609779094,
      0.1569774018510071,
      0.141234936492751,
      0.13055955291823354,
      0.13032111415968223
    ],
    "train_acc": [
      0.52282,
      0.68138,
      0.74794,
      0.78772,
      0.81462,
      0.83702,
      0.85026,
      0.86866,
      0.8827,
      0.89316,
      0.90644,
      0.9153,
      0.9246,
      0.93108,
      0.93898,
      0.9415,
      0.94502,
      0.95142,
      0.9543,
      0.95536
    ],
    "test_loss": [
      1.0736112909317017,
      0.8550753497123719,
      0.7624171385765076,
      0.7133428351402282,
      0.6369149287223816,
      0.6233585668563842,
      0.6223253989696502,
      0.6188017638683319,
      0.6398897410392761,
      0.6252769747734069,
      0.5897243285179138,
      0.5906139077186584,
      0.6472385765075683,
      0.6910941209793091,
      0.6177583371162415,
      0.6251068448066711,
      0.6792693284988404,
      0.6829060387611389,
      0.7211727076530456,
      0.6898613844871521
    ],
    "test_acc": [
      0.609,
      0.6935,
      0.7327,
      0.7483,
      0.7789,
      0.7831,
      0.7899,
      0.788,
      0.7874,
      0.7891,
      0.8104,
      0.8195,
      0.7995,
      0.7991,
      0.8103,
      0.8109,
      0.8039,
      0.8126,
      0.8071,
      0.8158
    ]
  }
}
