{
  "FCNet": {
    "train_loss": [
      0.3043791244803334,
      0.10671158256664523,
      0.06784090471229573,
      0.048730024061143906,
      0.03556403732930086,
      0.03112439406779545,
      0.024461129520918484,
      0.022285514876300067,
      0.016257119926572867,
      0.01739470792361158
    ],
    "test_loss": [
      0.14160658222436906,
      0.08674503156784921,
      0.07406455518882722,
      0.06795927337799221,
      0.07299245152364019,
      0.08051598234878621,
      0.10291180117635522,
      0.06997668921882723,
      0.09507913876714884,
      0.0753836908743353
    ],
    "test_acc": [
      0.9558,
      0.9731,
      0.9766,
      0.9787,
      0.9797,
      0.9764,
      0.9737,
      0.9814,
      0.9755,
      0.9804
    ]
  },
  "SimpleCNN": {
    "train_loss": [
      0.25851650265996645,
      0.05767266506871292,
      0.03890781218001345,
      0.029945122334224455,
      0.023086172060297328,
      0.020346740532025044,
      0.015415651016252568,
      0.014512989088209834,
      0.014336652487554506,
      0.011388405601573197
    ],
    "test_loss": [
      0.09980248053073883,
      0.0348048868317157,
      0.03419548830832355,
      0.03708703586803749,
      0.03617361076317029,
      0.02992019387334585,
      0.033860986961184975,
      0.029911444692127406,
      0.025622198456554907,
      0.03318791197143728
    ],
    "test_acc": [
      0.9667,
      0.9896,
      0.9887,
      0.9863,
      0.9899,
      0.9894,
      0.9904,
      0.9918,
      0.9913,
      0.9896
    ]
  },
  "ResNetLike": {
    "train_loss": [
      0.24166521092833104,
      0.0447467204852542,
      0.03042106632429209,
      0.022374038764738292,
      0.019149857937350377,
      0.014906615060545615,
      0.0127767673677463,
      0.009390490139022406,
      0.008301939397279832,
      0.0073689585670455
    ],
    "test_loss": [
      0.06503816339075566,
      0.09293294353187084,
      0.04315438028275967,
      0.03502585180103779,
      0.03520550761050545,
      0.04844094201163389,
      0.03019337476454675,
      0.04311319850382861,
      0.03050782195511274,
      0.03167217233132105
    ],
    "test_acc": [
      0.9823,
      0.9692,
      0.9862,
      0.9884,
      0.9889,
      0.9845,
      0.9905,
      0.9855,
      0.9906,
      0.991
    ]
  }
}
