{
  "DeepFCNet": {
    "train_loss": [
      1.875183874993678,
      1.7373221941921106,
      1.699825044483175,
      1.67008145203066,
      1.6480163790075981,
      1.6321360622830403,
      1.629533688735474,
      1.621474021536005,
      1.6129587275902633,
      1.6068023653591381
    ],
    "test_loss": [
      1.7123181512832641,
      1.6232802717208863,
      1.6022534116744995,
      1.5771065328598022,
      1.5553175924301148,
      1.548799824142456,
      1.547211477470398,
      1.5171633089065553,
      1.5365367446899414,
      1.505689115715027
    ],
    "test_acc": [
      0.4079,
      0.429,
      0.4388,
      0.4562,
      0.4571,
      0.4544,
      0.4564,
      0.4695,
      0.463,
      0.4781
    ]
  },
  "ResNetCIFAR": {
    "train_loss": [
      1.2581584255408753,
      0.8392027393936197,
      0.6702480659917798,
      0.5688288980890113,
      0.4944516821285648,
      0.4265291993422886,
      0.38197021651298496,
      0.33684738864526725,
      0.29659302037237856,
      0.2609074971712459
    ],
    "test_loss": [
      1.0736370656967162,
      0.805116727924347,
      0.6803800705909729,
      0.765450352859497,
      0.6780557081699371,
      0.6286194979667663,
      0.6044756467819213,
      0.5768927787780762,
      0.6022183512687683,
      0.5428227853775024
    ],
    "test_acc": [
      0.6059,
      0.7181,
      0.7605,
      0.7384,
      0.764,
      0.7915,
      0.7936,
      0.8052,
      0.8018,
      0.8273
    ]
  },
  "ResNetCIFARRegularized": {
    "train_loss": [
      1.603272426768642,
      1.2528607944393402,
      1.0986615631281567,
      0.9869781509994546,
      0.9087580469868067,
      0.837953365672275,
      0.7820243827827141,
      0.7397816140023644,
      0.6989635550762381,
      0.6623684591649438
    ],
    "test_loss": [
      1.279071856880188,
      1.0371060872077942,
      0.9046603239059449,
      0.8336117922782897,
      0.7600251557350158,
      0.73784222574234,
      0.6921617163658143,
      0.6177325344085693,
      0.5987454299926758,
      0.5930247459411621
    ],
    "test_acc": [
      0.5312,
      0.6249,
      0.6805,
      0.7065,
      0.7334,
      0.7365,
      0.7562,
      0.7817,
      0.7888,
      0.7934
    ]
  }
}