{
  "ShallowCNN": {
    "train_loss": [
      1.9774721168800997,
      1.7501125771676183,
      1.6825470933523934,
      1.6488477860570259,
      1.6174903970850094,
      1.5899404110506064,
      1.5610633524482513,
      1.534067932906968,
      1.5129881950900377,
      1.491161389424063
    ],
    "test_loss": [
      1.8235403421401977,
      1.70350290184021,
      1.6586481174468994,
      1.6471347675323487,
      1.6271527906417846,
      1.5706466667175294,
      1.5496468679428101,
      1.5192449642181396,
      1.5063344522476196,
      1.5003857284545898
    ],
    "test_acc": [
      0.319,
      0.3633,
      0.383,
      0.3955,
      0.4022,
      0.4426,
      0.4413,
      0.4587,
      0.458,
      0.4608
    ]
  },
  "MediumCNN": {
    "train_loss": [
      1.823020762799646,
      1.5739877766660413,
      1.4360386386246937,
      1.3469276135534887,
      1.2819312188936316,
      1.2281263883766311,
      1.1922477588934057,
      1.1450414149962422,
      1.1157274453536323,
      1.0848187420069408
    ],
    "test_loss": [
      1.6568187032699584,
      1.4670537590026855,
      1.3925998603820802,
      1.2923479591369629,
      1.2418752857208253,
      1.179134538078308,
      1.1569952379226685,
      1.1249884185791015,
      1.2131986600875855,
      1.0959396013259888
    ],
    "test_acc": [
      0.3704,
      0.4645,
      0.4986,
      0.5321,
      0.5523,
      0.5796,
      0.5846,
      0.6031,
      0.5586,
      0.6093
    ]
  },
  "DeepCNN": {
    "train_loss": [
      1.9133140049931947,
      1.5721234915506503,
      1.3538590273283937,
      1.2422715436162242,
      1.1482606066767211,
      1.0790591933538236,
      1.0234868512739002,
      0.9771566688252227,
      0.9335540254097765,
      0.9051507092497842
    ],
    "test_loss": [
      1.721627748298645,
      1.4786170072555542,
      1.255553035545349,
      1.1830505910873412,
      1.1150370288848876,
      1.0754286261558532,
      1.0046105354309083,
      1.0083510578155517,
      0.933932084274292,
      0.8875081357002258
    ],
    "test_acc": [
      0.322,
      0.4398,
      0.5359,
      0.5626,
      0.5934,
      0.6036,
      0.6361,
      0.636,
      0.6618,
      0.6872
    ]
  },
  "ResidualCNN": {
    "train_loss": [
      1.3778518319434827,
      0.9975897599669064,
      0.8431731656079402,
      0.737970139821777,
      0.6582905936728963,
      0.5958656547471995,
      0.544711713062223,
      0.5031161953878525,
      0.4625647073359136,
      0.4357987971180845
    ],
    "test_loss": [
      1.1869560716629028,
      1.2665354625701903,
      1.983746463394165,
      0.8745035118103027,
      0.7408010134696961,
      0.9021778793334961,
      0.9780356611251831,
      0.6265421557426453,
      0.7694657958984376,
      0.613870288181305
    ],
    "test_acc": [
      0.583,
      0.5659,
      0.4158,
      0.7002,
      0.7426,
      0.7002,
      0.6807,
      0.7812,
      0.7389,
      0.7883
    ]
  }
}
