{
  "CNN_3x3": {
    "train_loss": [
      1.970697596859749,
      1.7318048129606125,
      1.6686722997509305,
      1.624829216381473,
      1.5849828588993042,
      1.5490177086247203,
      1.5171312752282222,
      1.4929189633225541,
      1.4684770470080168,
      1.4512387587286322,
      1.4360975798438578,
      1.419832533582702,
      1.4017539929855816,
      1.3891009567948558,
      1.3748937561688825,
      1.3644248119095708,
      1.3524814530101883,
      1.3437189744866413,
      1.3346344299633484,
      1.3258665516553327
    ],
    "train_acc": [
      0.27084,
      0.35736,
      0.38418,
      0.40692,
      0.4267,
      0.44284,
      0.45692,
      0.46652,
      0.47902,
      0.4863,
      0.49244,
      0.49858,
      0.50498,
      0.51146,
      0.51636,
      0.5202,
      0.5267,
      0.5289,
      0.53096,
      0.53288
    ],
    "test_loss": [
      1.7991149383544922,
      1.6965583707809448,
      1.6494343170166015,
      1.6000598375320434,
      1.5769762279510497,
      1.5236925479888916,
      1.496947319984436,
      1.4802916175842284,
      1.4560685998916627,
      1.4306964069366455,
      1.429186342048645,
      1.4284959783554076,
      1.393789485359192,
      1.3886361059188843,
      1.371029446220398,
      1.3686582736968995,
      1.361590380859375,
      1.3429241039276123,
      1.337609450340271,
      1.3245060312271117
    ],
    "test_acc": [
      0.3326,
      0.3641,
      0.3824,
      0.4152,
      0.4139,
      0.4588,
      0.4627,
      0.4733,
      0.4795,
      0.4918,
      0.4911,
      0.4883,
      0.5055,
      0.5119,
      0.5143,
      0.5124,
      0.5174,
      0.5286,
      0.5267,
      0.5329
    ]
  },
  "CNN_5x5": {
    "train_loss": [
      1.8802363223127088,
      1.704924832524546,
      1.6324606402145931,
      1.5812390856730663,
      1.5377001588606773,
      1.4997752709766787,
      1.4668596333554944,
      1.4421957362338405,
      1.417542038976079,
      1.4030317260176324,
      1.3819997310638428,
      1.3689580972847122,
      1.3534994610130329,
      1.3366850504789816,
      1.326064856460942,
      1.3115024362378718,
      1.3003966918077006,
      1.284337154129887,
      1.2782135860389456,
      1.2626004770893575
    ],
    "train_acc": [
      0.29944,
      0.3703,
      0.40628,
      0.42954,
      0.44878,
      0.46496,
      0.47642,
      0.48324,
      0.49568,
      0.49938,
      0.5077,
      0.5147,
      0.5194,
      0.52586,
      0.53202,
      0.53802,
      0.54226,
      0.54602,
      0.5504,
      0.55618
    ],
    "test_loss": [
      1.7637582738876343,
      1.650791411781311,
      1.590068480682373,
      1.56400306224823,
      1.5162576541900634,
      1.4862904193878175,
      1.4485731559753419,
      1.4246735536575317,
      1.4139802942276,
      1.3748010269165039,
      1.368797105026245,
      1.3545719985961915,
      1.3500051919937133,
      1.3182115171432496,
      1.3103192609786987,
      1.3081183124542237,
      1.3041459629058838,
      1.2716203012466432,
      1.2729004634857177,
      1.257461192703247
    ],
    "test_acc": [
      0.3552,
      0.401,
      0.4284,
      0.4268,
      0.4467,
      0.4684,
      0.4851,
      0.4881,
      0.4878,
      0.5023,
      0.507,
      0.5146,
      0.5125,
      0.5226,
      0.5294,
      0.5313,
      0.5351,
      0.5477,
      0.5453,
      0.5503
    ]
  },
  "CNN_7x7": {
    "train_loss": [
      1.8767782766800707,
      1.7154921521920987,
      1.6519776424178687,
      1.603178923697118,
      1.564891910004189,
      1.5322419932431273,
      1.5110224470153184,
      1.4832129807728331,
      1.459351932606124,
      1.4369634868543777,
      1.4059689188247446,
      1.3857977079308552,
      1.3687190427194775,
      1.3550956538876,
      1.3372602029834562,
      1.3235263754339779,
      1.310813640389601,
      1.298321634607242,
      1.2894892384633994,
      1.280838741365906
    ],
    "train_acc": [
      0.3003,
      0.36728,
      0.39532,
      0.41422,
      0.43204,
      0.4448,
      0.45622,
      0.46524,
      0.47772,
      0.48602,
      0.49612,
      0.5033,
      0.5126,
      0.5187,
      0.52374,
      0.52888,
      0.5345,
      0.53868,
      0.5424,
      0.54598
    ],
    "test_loss": [
      1.756363969039917,
      1.6647095699310304,
      1.6070993177413941,
      1.5850166952133178,
      1.5285341903686522,
      1.5059028453826904,
      1.479525428199768,
      1.465975668334961,
      1.4327273485183716,
      1.405560884666443,
      1.3910020606994629,
      1.4108415920257569,
      1.385510948562622,
      1.345118409538269,
      1.3339728227615357,
      1.305268056678772,
      1.313151770401001,
      1.3019162191390992,
      1.2734689617156982,
      1.2796150657653809
    ],
    "test_acc": [
      0.3507,
      0.3828,
      0.4165,
      0.4143,
      0.4436,
      0.4564,
      0.4651,
      0.4744,
      0.4819,
      0.4894,
      0.4994,
      0.4909,
      0.4997,
      0.5163,
      0.5183,
      0.5345,
      0.5315,
      0.5333,
      0.5481,
      0.5445
    ]
  },
  "CNN_Combo": {
    "train_loss": [
      2.0434286810857865,
      1.9146481578612267,
      1.826374986592461,
      1.7566249184596263,
      1.7101005645054381,
      1.6858557648670949,
      1.667898530240559,
      1.6509517086741259,
      1.6394400931990054,
      1.6266361359135268,
      1.6145048995152154,
      1.604545813082429,
      1.5945120180964165,
      1.5812728383656962,
      1.5734186925546592,
      1.5589802252971912,
      1.5499736701740938,
      1.5397447436057088,
      1.5301876193117303,
      1.5212354644790025
    ],
    "train_acc": [
      0.24594,
      0.29286,
      0.324,
      0.34684,
      0.3622,
      0.37344,
      0.38038,
      0.394,
      0.39656,
      0.40348,
      0.40854,
      0.4138,
      0.42258,
      0.42588,
      0.43006,
      0.43556,
      0.43986,
      0.44368,
      0.45184,
      0.45538
    ],
    "test_loss": [
      1.9446334594726562,
      1.8548698791503906,
      1.7757716798782348,
      1.726295560646057,
      1.6903633729934693,
      1.6786711284637452,
      1.664643846321106,
      1.6476064407348632,
      1.6304036670684814,
      1.6179496858596802,
      1.6039091064453126,
      1.5946080865859986,
      1.5850995164871216,
      1.5795362489700318,
      1.5782992107391358,
      1.552606473350525,
      1.5395757545471191,
      1.534742148399353,
      1.529849425315857,
      1.5344047422409057
    ],
    "test_acc": [
      0.2812,
      0.3183,
      0.3437,
      0.3475,
      0.365,
      0.3713,
      0.3843,
      0.3822,
      0.3972,
      0.3929,
      0.4064,
      0.4149,
      0.4223,
      0.4217,
      0.4181,
      0.4408,
      0.4406,
      0.4498,
      0.4432,
      0.4378
    ]
  }
}